country,Surface area (km2),Population in thousands (2017),"Population density (per km2, 2017)",GDP: Gross domestic product (million current US$),"GDP growth rate (annual %, const. 2005 prices)",GDP per capita (current US$),Economy: Agriculture (% of GVA),Economy: Industry (% of GVA),Economy: Services and other activity (% of GVA),Employment: Agriculture (% of employed),Employment: Industry (% of employed),Employment: Services (% of employed),Unemployment (% of labour force),Agricultural production index (2004-2006=100),Food production index (2004-2006=100),International trade: Exports (million US$),International trade: Imports (million US$),Population growth rate (average annual %),Urban population (% of total population),Urban population growth rate (average annual %),"Population age distribution (0-14  years, %)","Population age distribution (60+ years, %)",Health: Total expenditure (% of GDP),Health: Physicians (per 1000 pop.),Education: Government expenditure (% of GDP),"Pop. using improved drinking water (urban, %)","Pop. using improved drinking water (rural, %)","Pop. using improved sanitation facilities (urban/rural, %)",Life expectancy at birth (Female),Life expectancy at birth (Male),Education: Primary gross enrol. ratio (Female),Education: Primary gross enrol. ratio (Male),Education: Secondary gross enrol. ratio (Female),Education: Secondary gross enrol. ratio (Male),Education: Tertiary gross enrol. ratio (Female),Education: Tertiary gross enrol. ratio (Male),SouthernAsia,SouthernEurope,NorthernAfrica,Polynesia,MiddleAfrica,Caribbean,SouthAmerica,WesternAsia,Oceania,WesternEurope,EasternEurope,CentralAmerica,WesternAfrica,NorthernAmerica,SouthernAfrica,South-easternAsia,EasternAfrica,NorthernEurope,EasternAsia,Micronesia,CentralAsia,Melanesia,Day5,Day25,Day50
Barbados,431,286,664.5,4385,0.9,15429.4,1.7,12.1,86.2,2.8,19.3,77.9,11.3,88,88,517,1621,0.3,31.5,0.1,19.1,21,7.5,1.553333333,6.6,96.2,96.2,6.417333333,77.7,72.9,94.2,93.1,110.7,107.9,90.6,40.3,0,0,0,0,0,1,0,0,0,0,0,0,0,0,0,0,0,0,0,0,0,0,14,67,82
Lithuania,65286,2890,46.1,41402,1.8,14383.7,3.6,29.8,66.5,8.7,24.5,66.8,9.2,125,125,25025,27501,-1.3,66.5,-0.5,14.8,25.3,6.6,4.3,4.6,97.2,82.8,3.272,79.3,68.5,103.7,103.2,106.1,110.3,82,55.8,0,0,0,0,0,0,0,0,0,0,0,0,0,0,0,0,0,1,0,0,0,0,9,771,1344
Uganda,241550,42863,214.5,25282,5.4,647.7,25.6,21.5,52.9,72,7.4,20.5,2.4,93,90,2755,3750,3.4,16.1,5.4,47.7,3.3,7.2,1.686666667,2.2,28.5,17.3,6.35,60.7,56.5,110.9,108.9,22.1,24.3,4.2,5.4,0,0,0,0,0,0,0,0,0,0,0,0,0,0,0,0,1,0,0,0,0,0,14,55,116
Bhutan,38394,808,21.2,2074,5.2,2677.1,17.2,43.9,38.8,56.6,9.7,33.7,2.4,98,98,616,1688,1.6,38.6,3.7,26.5,7.3,3.6,0.3,7.4,77.9,33.1,5.26,68.9,68.6,96.9,96.6,87.1,81.4,9.2,12.6,1,0,0,0,0,0,0,0,0,0,0,0,0,0,0,0,0,0,0,0,0,0,2,5,7
Ukraine,603500,44223,76.3,90615,-9.9,2021.6,14,26.3,59.7,15.7,24.6,59.7,8.8,137,137,36369,39184,-0.5,69.7,-0.3,15.5,23.2,7.1,3,5.9,97.4,92.6,1.63,76,66.1,105.1,102.8,98.2,100.2,88.4,76.5,0,0,0,0,0,0,0,0,0,0,1,0,0,0,0,0,0,0,0,0,0,0,26,1668,11913
Falkland Islands (Malvinas),12173,3,0.2,12803.86667,1.82,12520.58667,7.773333333,27.90666667,64.31333333,17.75333333,14.24,68.00666667,1.2,96,105,4,17,0.3,76.2,1,16.4,15.7,5.833333333,1.72,5.006666667,85.84666667,78.88666667,8.429333333,75.28,70.26666667,102.3133333,104.5666667,80.84666667,77.40666667,31.10666667,21.71333333,0,0,0,0,0,0,1,0,0,0,0,0,0,0,0,0,0,0,0,0,0,0,5,13,13
Russian Federation,17098246,143990,8.8,1326016,-3.7,9243.3,4.7,31.8,63.5,6.8,27.1,66.1,5.8,120,120,285491,182257,0.1,74,-0.1,17.6,21.1,7.1,3.3,3.9,77,58.7,2.010666667,75.9,64.7,100.9,100.1,103.4,105.5,88.3,72.9,0,0,0,0,0,0,0,0,0,0,1,0,0,0,0,0,0,0,0,0,0,0,4,658,42853
Lebanon,10452,6082,594.6,50149,1.5,8571.4,3.2,19.6,77.2,8.2,22.4,69.4,7,95,95,3402,20409,6,87.8,3.2,23.1,12,6.4,2.4,2.6,80.7,80.7,2.04,80.9,77.3,88.3,96.6,61,61.5,45.7,39.5,0,0,0,0,0,0,0,1,0,0,0,0,0,0,0,0,0,0,0,0,0,0,16,333,673
Libya,1676198,6375,3.6,34457,-10.2,5488.2,0.9,67.1,32,19.1,25.1,55.8,19.2,113,114,4615,8876,0.2,78.6,1.1,28.2,6.6,5,2.1,4.38,96.8,95.7,0.51,74.4,68.8,93.25333333,101.8733333,55.73333333,58.66,23.86666667,22.84666667,0,0,1,0,0,0,0,0,0,0,0,0,0,0,0,0,0,0,0,0,0,0,1,49,64
Gambia,11295,2101,207.6,942,4.7,473.2,21.1,14.9,64,30.4,14.4,55.2,29.7,82,82,32,471,3.1,59.6,4.3,45.3,3.8,7.3,1.24,2.8,61.5,55,12.35,61.6,59.1,96.8,90.1,81.14,77.44,2.5,3.7,0,0,0,0,0,0,0,0,0,0,0,0,1,0,0,0,0,0,0,0,0,0,1,4,17
Burkina Faso,272967,19193,70.2,11065,4.1,611.1,34.5,21.8,43.7,80,4.9,15.1,2.9,131,134,2019,3699,3,29.9,5.9,45.2,3.9,5,0,4.1,50.4,6.7,9.11,59.3,58,86.1,89.9,32.2,35.1,3.8,7.3,0,0,0,0,0,0,0,0,0,0,0,0,1,0,0,0,0,0,0,0,0,0,3,288,638
Greenland,2166086,56,0.1,2078,0.3,36976.7,10,15.9,74.1,4.6,12.6,82.5,9.7,99,99,553,623,-0.1,86.4,0.7,21,13.2,5.28,1.653333333,4.253333333,100,100,2.698,73.4,68.7,96.9,105.36,70.62,74.47333333,36.84666667,31.67333333,0,0,0,0,0,0,0,0,0,0,0,0,0,1,0,0,0,0,0,0,0,0,4,11,11
Albania,28748,2930,106.9,11541,2.6,3984.2,22.4,26,51.7,41.4,18.3,40.3,15.8,134,134,1962,4669,-0.1,57.4,2.2,17.4,19,5.9,1.3,3.5,95.5,90.2,2.96,79.9,75.6,111.7,115.5,92.5,98.8,68.1,48.7,0,1,0,0,0,0,0,0,0,0,0,0,0,0,0,0,0,0,0,0,0,0,23,259,726
Jordan,89318,9702,109.3,37517,2.4,4940.1,4,27.7,68.4,2,17.8,80.2,13.4,134,135,7509,19207,4.9,83.7,3.8,35.5,5.7,7.5,2.6,4.146666667,98.6,98.9,5.8,75.5,72.2,97.6,97.1,84.8,80.2,47.3,42.5,0,0,0,0,0,0,0,1,0,0,0,0,0,0,0,0,0,0,0,0,0,0,52,349,460
Netherlands,41542,17036,505.2,750318,2,44332.1,1.8,20,78.2,2.2,15.9,81.9,5.6,115,115,511714,420969,0.3,90.5,1,16.4,25,10.9,3.4,5.5,97.5,99.9,0.583333333,83.1,79.4,104.4,105,136.3,134.7,82.5,74.7,0,0,0,0,0,0,0,0,0,1,0,0,0,0,0,0,0,0,0,0,0,0,82,6412,32655
Australia,7692060,24451,3.2,1230859,2.4,51352.2,2.5,26.5,71.1,2.7,21.2,76.1,5.5,111,111,189630,189406,1.5,89.4,1.5,19,21,9.4,3.4,5.2,100,100,2.640666667,84.4,80.2,102.1,102.3,133.6,141.3,106.3,75.4,0,0,0,0,0,0,0,0,1,0,0,0,0,0,0,0,0,0,0,0,0,0,59,2799,6612
Bosnia and Herzegovina,51209,3507,68.8,16251,3.1,4265,7.3,26.5,66.2,18,30.4,51.7,25.4,96,97,5327,9130,-1,39.8,0.1,14.1,23.4,9.6,1.9,4.46,98.9,92,2.2,78.8,73.7,107.2066667,107.9933333,74.79333333,75.15333333,34.72,27.8,0,1,0,0,0,0,0,0,0,0,0,0,0,0,0,0,0,0,0,0,0,0,18,632,1689
Fiji,18272,906,49.6,4391,3.6,4921.9,11.3,18.1,70.7,21.3,2.9,75.8,7.7,88,88,926,2316,0.7,53.7,1.5,28.5,9.9,4.5,1.146666667,3.9,93.4,88.4,2.46,72.9,66.9,105.1,106,93.4,84.3,26.20666667,20.20666667,0,0,0,0,0,0,0,0,0,0,0,0,0,0,0,0,0,0,0,0,0,1,4,16,18
Bulgaria,111002,7085,65.3,48953,3,6846.8,5.1,27.6,67.2,6.5,29.4,64.1,8.1,117,119,26088,28875,-0.6,73.9,-0.3,14.2,27.7,8.4,4,4.1,86.8,83.7,7.28,77.8,70.8,96.7,97.7,97.4,100.5,82.9,65.4,0,0,0,0,0,0,0,0,0,0,1,0,0,0,0,0,0,0,0,0,0,0,7,399,1247
Iran (Islamic Republic of),1628750,81163,49.8,398563,0.4,5038.1,8.6,39.1,52.3,16.6,32.5,50.9,11.3,106,107,45627,35333,1.2,73.4,2.1,23.7,8.8,7.5,1.5,2.9,92.8,82.3,0.02,76.2,74,111.7,106.3,88.9,89.4,67.7,75.9,1,0,0,0,0,0,0,0,0,0,0,0,0,0,0,0,0,0,0,0,0,0,3513,27017,82211
Morocco,446550,35740,80.1,100359,4.4,2919.3,13.7,28.9,57.4,32.6,20.7,46.8,10.4,130,130,22858,41696,1.4,60.2,2.3,27.4,10.7,5.9,0.6,4.706666667,84.1,65.5,1.51,76,73.7,111.6,117.7,63.5,74.4,27.5,28.7,0,0,1,0,0,0,0,0,0,0,0,0,0,0,0,0,0,0,0,0,0,0,28,919,4321
Sao Tome and Principe,964,204,212.8,334,4,1752.8,12.3,14.7,73,22.2,13.5,64.3,13.6,119,119,10,139,2.2,65.1,3.6,42.8,4.3,8.1,1.32,3.8,40.8,23.3,12.39,68.2,64,112.2,117.7,91.7,80.8,13.6,13.2,0,0,0,0,1,0,0,0,0,0,0,0,0,0,0,0,0,0,0,0,0,0,4,18,443
Liberia,111369,4732,49.1,2053,0.3,455.9,70.8,11.4,17.9,45.3,11.7,43,4.1,104,121,641,727,2.6,49.7,3.4,41.8,4.9,10,2.613333333,2.8,28,5.9,61.73,61.6,59.8,89.1,98.5,32.5,41.9,9,14.2,0,0,0,0,0,0,0,0,0,0,0,0,1,0,0,0,0,0,0,0,0,0,2,31,166
Antigua and Barbuda,442,102,231.8,1356,4.1,14764.5,1.9,18.3,79.8,8.446666667,17.80666667,71.5,11.66666667,88,88,61,491,1.1,23.8,-0.9,23.9,10.9,5.5,1.38,5.353333333,91.4,91.4,0.12,78.2,73.3,94.1,100,103.8,101.6,31.1,15.1,0,0,0,0,0,1,0,0,0,0,0,0,0,0,0,0,0,0,0,0,0,0,3,23,25
Togo,56785,7798,143.4,4086,5.5,559.4,45.7,19.7,34.6,62.5,8.7,28.7,6.8,140,143,715,1716,2.6,40,3.8,41.6,4.6,5.2,1.9,5.2,24.7,2.9,5.51,59.8,58.3,118.5,125.1,74.93333333,75.19333333,6.4,14.9,0,0,0,0,0,0,0,0,0,0,0,0,1,0,0,0,0,0,0,0,0,0,1,65,123
Turkey,783562,80745,104.9,717888,4,9125.8,8.6,26.4,65,19.6,27.5,52.9,10.8,120,122,142606,198602,1.6,73.4,2,25,12,5.4,1.7,4.8,98.3,85.5,0.3,78.1,71.5,102.1,102.8,101.1,103.8,88.3,101,0,0,0,0,0,0,0,1,0,0,0,0,0,0,0,0,0,0,0,0,0,0,18,23934,117589
Portugal,92226,10330,112.8,199122,1.6,19239.2,2.3,22.3,75.4,8,23.8,68.2,10.5,104,104,55658,67580,-0.4,63.5,1,13.6,27.9,9.5,4.4,5.1,99.6,99.8,1.154,83.5,77.3,105.3,109.4,117.3,121,65.7,58,0,1,0,0,0,0,0,0,0,0,0,0,0,0,0,0,0,0,0,0,0,0,13,3544,20863
Nicaragua,130373,6218,51.7,12693,4.9,2086.9,18.8,26.8,54.4,24.1,14.5,61.4,6.1,130,130,2225,5927,1.2,58.8,2,29,8.4,9,0.9,4.146666667,76.5,55.7,3.68,77.5,71.4,105.2866667,106.7666667,74.90666667,75.14666667,32.18666667,28.21333333,0,0,0,0,0,0,0,0,0,0,0,1,0,0,0,0,0,0,0,0,0,0,2,7,16
Belgium,30528,11429,377.5,455107,1.5,40277.8,0.7,22.2,77.1,1.2,21.2,77.6,8.3,108,107,398033,372713,0.6,97.9,0.5,17.1,24.6,10.6,3,6.6,99.5,99.4,0.639333333,83,78,104.2,104.2,177.7,156.4,85.4,65,0,0,0,0,0,0,0,0,0,1,0,0,0,0,0,0,0,0,0,0,0,0,206,9151,42392
France,551500,64980,118.7,2418946,1.3,36304.2,1.7,19.5,78.8,2.7,20.5,76.8,9.8,103,103,488885,560555,0.4,79.5,0.8,18.1,25.7,11.5,3.2,5.5,98.6,98.9,0.470666667,85,78.8,105,105.7,111.2,110.1,71,57.9,0,0,0,0,0,0,0,0,0,1,0,0,0,0,0,0,0,0,0,0,0,0,423,25233,112606
Comoros,2235,814,437.4,1079,4.8,1368.9,30.7,4,65.3,62,5.2,32.8,20,107,107,20,193,2.4,28.3,2.7,39.8,4.9,6.7,1.386666667,4.3,48.3,30.9,12.05,64.5,61.2,99.5,106.8,62.4,58.4,8,9.8,0,0,0,0,0,0,0,0,0,0,0,0,0,0,0,0,1,0,0,0,0,0,4,87,210
Mongolia,1564116,3076,2,11758,2.3,3973.4,14.8,34.1,51.1,28.4,20.7,51,6.3,147,149,4917,3358,1.9,72,2.8,29.7,6.6,4.7,2.9,4.6,66.4,42.6,2.21,72.7,64.5,100,101.8,92.4,90.5,79.7,57.7,0,0,0,0,0,0,0,0,0,0,0,0,0,0,0,0,0,0,1,0,0,0,10,16,41
Czechia,78868,10618,137.5,185156,4.5,17561.7,2.5,37.8,59.7,2.5,37,60.5,3.9,102,102,161248,140316,0.1,73,0.3,15.4,25.6,7.4,3.7,4.1,99.1,99.2,1.204666667,81.2,75.1,99.9,99.6,106.1,105.1,76.3,54.2,0,0,0,0,0,0,0,0,0,0,1,0,0,0,0,0,0,0,0,0,0,0,12,1654,6787
Maldives,300,436,1454.4,3435,2.8,9446.5,3.1,22,74.9,7.7,22.8,69.5,2.9,65,65,140,2128,2.8,45.5,4.5,23.4,6.3,13.7,1.32,5.2,97.5,98.3,0.95,77.4,75.4,98.6,97.3,98.00666667,94.84,20.3,12.4,1,0,0,0,0,0,0,0,0,0,0,0,0,0,0,0,0,0,0,0,0,0,8,18,137
Gibraltar,6,35,3457.1,1935.066667,3.32,24172.62667,5,17.43333333,77.56666667,8.92,17.41333333,72.56666667,9.64,103.6,103.8666667,234,533,0.6,100,0.1,18.1,22.4,8.78,1.773333333,4.626666667,87.78666667,79.24,12.714,77.88666667,72.60666667,101.7333333,104.1133333,95.94666667,91.99333333,47.76,32.81333333,0,1,0,0,0,0,0,0,0,0,0,0,0,0,0,0,0,0,0,0,0,0,15,129,144
Bahrain,771,1493,1963.9,31126,2.9,22600.2,0.3,40.7,59,1,33.4,65.6,1.3,167,167,12892,14749,2,88.8,1.7,19.7,4.6,5,0.9,2.7,99.2,99.2,2.898666667,77.5,75.6,101.8,100.6,101.9,102.4,59.4,30.9,0,0,0,0,0,0,0,1,0,0,0,0,0,0,0,0,0,0,0,0,0,0,63,466,1973
Switzerland,41291,8476,214.5,670790,0.8,80831.1,0.7,25.5,73.8,3.5,20.4,76.1,4.6,106,106,304691,269157,1.2,73.9,1.1,14.9,24.1,11.7,4.1,5.1,99.9,99.8,0.639333333,84.8,80.5,103.8,104.1,99.4,103,58.5,56.9,0,0,0,0,0,0,0,0,0,1,0,0,0,0,0,0,0,0,0,0,0,0,87,9714,27658
Costa Rica,51100,4906,96.1,52958,3.7,11015,5.1,21.5,73.4,11.6,19.1,69.3,8.6,127,129,9908,15322,1.1,76.8,2.7,21.6,13.6,9.3,1.2,7.2,95.2,92.3,0.22,81.7,76.7,109.5,110.1,125.6,120.7,60.9,46.6,0,0,0,0,0,0,0,0,0,0,0,1,0,0,0,0,0,0,0,0,0,0,23,375,695
Mozambique,799380,29669,37.7,14806,6.6,529.2,24.6,21,54.4,75,4.1,21,24.1,137,137,3352,5295,2.9,32.2,3.3,44.8,4.8,7,0.1,6.5,42.4,10.1,12.54,58.1,54,101.2,110.4,31.1,33.8,5.4,7.4,0,0,0,0,0,0,0,0,0,0,0,0,0,0,0,0,1,0,0,0,0,0,7,29,91
Croatia,56594,4189,74.9,48676,1.6,11479.4,4.1,26.6,69.3,9.2,26.8,64,11.7,91,91,13648,21830,-0.4,59,0.1,14.7,26.8,7.8,3.1,4.6,97.8,95.8,1.780666667,80.4,73.6,98.1,97.8,100.6,95.9,79.8,58.8,0,1,0,0,0,0,0,0,0,0,0,0,0,0,0,0,0,0,0,0,0,0,10,418,1871
Timor-Leste,14919,1296,87.2,2873,4.3,2425.4,5.2,79.9,14.9,50.8,2,47.2,4.3,111,117,94,647,2.2,32.8,3.8,43.6,5.4,1.5,0.1,7.8,69,26.8,8.89,69.5,66.1,136.2,137.5,79.6,74.1,20.5,16.46,0,0,0,0,0,0,0,0,0,0,0,0,0,0,0,1,0,0,0,0,0,0,1,6,24
Kyrgyzstan,199949,6045,31.5,6572,3.5,1106.4,15.4,25.9,58.7,29.2,21,49.8,7.7,108,110,1423,3844,1.6,35.7,1.6,31.8,7.6,6.5,1.9,5.5,89.1,95.6,12.16,74.3,66.4,106.8,107.9,92.8,91.4,53.3,40.8,0,0,0,0,0,0,0,0,0,0,0,0,0,0,0,0,0,0,0,0,1,0,14,377,895
Eritrea,117600,5069,50.2,4783,4.8,914.9,17.2,23.5,59.3,57,7.6,35.4,7.3,109,109,16,3325,2,22.6,5.1,41.8,5.3,3.3,2.313333333,4.52,44.6,7.3,9.256,65.6,61.4,45.9,53.2,28.1,32.9,1.7,3.4,0,0,0,0,0,0,0,0,0,0,0,0,0,0,0,0,1,0,0,0,0,0,4,35,39
Georgia,69700,3912,56.3,13965,2.8,3491.4,9,24.1,66.9,44.7,11.2,44.1,11.4,85,86,2114,7236,-1.4,53.6,-0.1,19.2,20.8,7.4,4.8,2,95.2,75.9,3.3,77,68.5,118.2,115.5,103.8,103.6,47.8,39.2,0,0,0,0,0,0,0,1,0,0,0,0,0,0,0,0,0,0,0,0,0,0,13,85,416
United States of America,9833517,324460,35.5,18036648,2.6,56053.8,1,19.7,79.3,1.5,17.2,81.3,4.9,111,113,1453167,2249661,0.7,81.6,1,18.9,21.5,17.1,2.6,5.4,100,100,0.918666667,81.2,76.5,100,100.3,98.5,96.7,99.6,72.8,0,0,0,0,0,0,0,0,0,0,0,0,0,1,0,0,0,0,0,0,0,0,233,69194,759687
Ecuador,257217,16625,66.9,100177,0.2,6205.1,10.1,34.1,55.8,25.7,19.2,55.1,5.8,118,119,16798,16189,1.6,63.7,1.9,28.4,10.5,9.2,1.7,5,87,80.7,0.31,78.4,72.8,107.9,107.4,109.2,105.3,45.3,34.6,0,0,0,0,0,0,1,0,0,0,0,0,0,0,0,0,0,0,0,0,0,0,13,1211,9468
Thailand,513120,69038,135.1,395168,2.8,5814.8,9.1,35.7,55.1,34,22.7,43.3,0.6,129,126,213927,195666,0.4,50.4,3,17.3,16.9,4.1,2.44,4.1,89.9,96.1,0.02,78.4,70.8,99.2,106.1,125.3,132.6,57.3,40.5,0,0,0,0,0,0,0,0,0,0,0,0,0,0,0,1,0,0,0,0,0,0,82,1978,2938
Kiribati,726,116,143.7,162,3.7,1442.9,24.1,13.6,62.2,20.64666667,15.91333333,61.23333333,12.14,61,61,3,116,1.8,44.3,1.8,35,6.4,10.2,0.2,4.993333333,51.2,30.6,20.05,68.9,62.4,106.1,102.9,92.6,87.99333333,39.58,27.86666667,0,0,0,0,0,0,0,0,0,0,0,0,0,0,0,0,0,0,0,1,0,0,19,191,829
Bahamas,13940,395,39.5,8854,-1.7,22817.2,1.6,12.7,85.7,3.9,14.2,81.9,14.7,132,132,365,2904,1.4,82.9,1.5,20.5,13.5,7.7,1.553333333,5.506666667,92,92,2.862666667,78.1,72,101.2333333,104.42,98.66,95.46,42.36,25.37333333,0,0,0,0,0,1,0,0,0,0,0,0,0,0,0,0,0,0,0,0,0,0,3,40,83
Nepal,147181,29305,204.4,20658,2.7,724.5,31.8,14.9,53.3,72.6,10.9,16.5,3,139,139,703,5249,1.2,18.6,3.2,30.9,8.8,5.8,2.28,3.7,56,43.5,5.73,70.4,67.4,141.2,130.7,72.2,67.1,15.1,14.8,1,0,0,0,0,0,0,0,0,0,0,0,0,0,0,0,0,0,0,0,0,0,1,9,82
Italy,302073,59360,201.8,1821580,0.7,30462.4,2.2,23.5,74.2,3.5,27.1,69.4,11.4,89,89,461529,404578,-0.1,69,0.4,13.5,29.4,9.2,3.9,4.1,99.5,99.6,0.568666667,84.7,79.9,100.6,101.4,101.7,104.1,72.2,53.2,0,1,0,0,0,0,0,0,0,0,0,0,0,0,0,0,0,0,0,0,0,0,3858,74386,178972
United Arab Emirates,83600,9400,112.4,370296,3.8,40438.8,0.7,44.9,54.4,3.5,21.1,75.4,3.7,70,70,195613,201908,2,85.5,2.9,13.9,2.4,3.6,1.6,5.153333333,98,95.2,0.958,78.2,76,116,116.7,110.24,106.4933333,73.52,56.38666667,0,0,0,0,0,0,0,1,0,0,0,0,0,0,0,0,0,0,0,0,0,0,86,1024,10839
Guatemala,108889,16914,157.8,63794,4.1,3903.5,10.8,27.2,62,32,18.5,49.4,2.4,158,158,10572,16987,2.1,51.6,3.4,35.1,6.9,6.2,2.833333333,3,77.5,49.3,0.66,75.6,69.2,99.8,103.8,63.3,67.9,23.5,20.2,0,0,0,0,0,0,0,0,0,0,0,1,0,0,0,0,0,0,0,0,0,0,8,80,688
India,3287263,1339180,450.4,2116239,7.6,1614.2,17,29.7,53.2,44.3,24.5,31.2,3.4,143,142,260327,356705,1.2,32.7,2.4,27.8,9.4,4.7,0.7,3.8,62.6,28.5,0.16,69.1,66.2,115.1,102.8,74.5,73.5,26.7,27,1,0,0,0,0,0,0,0,0,0,0,0,0,0,0,0,0,0,0,0,0,0,29,649,17265
Chad,1284000,14900,11.8,10009,6.6,713,25.4,39,35.6,76.6,2,21.4,5.8,146,151,1990,1371,3.3,22.5,3.4,47.1,4,3.6,0,2.8,31.4,6.5,5.74,52.8,50.5,88,114.6,14,30.7,1.1,5.7,0,0,0,0,1,0,0,0,0,0,0,0,0,0,0,0,0,0,0,0,0,0,2,15,253
Viet Nam,330967,95541,308.1,193241,6.7,2067.9,18.9,37,44.2,41.8,22.9,35.2,2.2,136,134,176632,174111,1.1,33.6,3,23.1,11.1,7.1,1.2,5.7,94.4,69.7,1.73,80.3,70.7,108.4,109.3,102.5933333,100.6866667,28.9,28.8,0,0,0,0,0,0,0,0,0,0,0,0,0,0,0,1,0,0,0,0,0,0,38,206,270
Guinea,245857,12717,51.8,8875,0.1,703.9,19.8,32.8,47.4,69.7,7.4,22.9,6.8,130,131,1753,2082,2.3,37.2,3.8,42.3,5.2,5.6,1.426666667,3.2,34.1,11.8,8.65,58.4,57.4,83.8,98.6,30.7,46.8,6.7,14.9,0,0,0,0,0,0,0,0,0,0,0,0,1,0,0,0,0,0,0,0,0,0,1,128,1537
Colombia,1141748,49066,44.2,292080,3.1,6056.1,6.8,34,59.2,13.5,16.6,69.9,10.5,114,115,31045,44831,1,76.4,1.7,23.5,11.6,7.2,1.046666667,4.5,85.2,67.9,0.47,77.4,70.2,111.6,115.4,101.5,94.8,59.9,51.5,0,0,0,0,0,0,1,0,0,0,0,0,0,0,0,0,0,0,0,0,0,0,65,1579,7006
Argentina,2780400,44271,16.2,632343,2.4,14564.5,6,27.8,66.2,2,24.8,73.1,6.5,119,119,57733,55610,1,91.8,1,24.9,15.4,4.8,3.8,5.3,96.2,98.3,0.01,79.8,72.2,109.8,110.2,110.3,103.4,102.9,63.5,0,0,0,0,0,0,1,0,0,0,0,0,0,0,0,0,0,0,0,0,0,0,19,820,3423
Trinidad and Tobago,5127,1369,266.9,25927,0.2,19062.9,0.5,42.5,57,4.1,31.6,64.3,4.2,95,95,4576,4826,0.5,8.4,-1.2,20.7,15,5.9,1.513333333,4.7,91.5,91.5,3.579333333,73.8,66.9,101.38,103.94,97.86,94.99333333,42.55333333,26.53333333,0,0,0,0,0,1,0,0,0,0,0,0,0,0,0,0,0,0,0,0,0,0,5,104,116
Grenada,345,108,317.1,954,6.2,8933.8,8.3,13.9,77.8,11.10666667,17.41333333,69.25333333,10.15333333,103,103,30,350,0.4,35.6,0.3,26.3,10.5,6.1,1.32,4.993333333,97.5,98.3,2.55,75.6,70.8,102.9,106.8,99,99.4,97.9,84.5,0,0,0,0,0,1,0,0,0,0,0,0,0,0,0,0,0,0,0,0,0,0,7,14,21
Turks and Caicos Islands,948,35,37.3,863,4.1,25121.8,0.6,10.4,89,4.78,17.5,75.48666667,10.70666667,97.93333333,97.93333333,4,389,2,92.2,2.5,19.2,7.6,6.613333333,1.766666667,3.3,90.84,90.56,7.865333333,77.8,75.8,102.7666667,106.6133333,99.37333333,97.42,52.12,34.37333333,0,0,0,0,0,1,0,0,0,0,0,0,0,0,0,0,0,0,0,0,0,0,5,11,12
Dominica,750,74,98.6,512,-1.8,7051.1,15.4,13.2,71.5,15.05333333,16.47333333,66.24666667,11,110,111,23,214,0.5,69.5,0.8,23.47333333,17.39333333,5.5,1.32,4.993333333,89.85333333,83.69333333,2.36,79.34666667,73.95333333,114.8,117.2,99.8,101.2,43.1,29.07333333,0,0,0,0,0,1,0,0,0,0,0,0,0,0,0,0,0,0,0,0,0,0,11,16,16
Montenegro,13812,629,46.8,4020,4.5,6424.1,9.8,17.5,72.6,7.5,17.3,75.2,17.4,66,66,354,2263,0.1,64,0.3,18.1,21.3,6.4,2.3,4.793333333,98,92.2,2.44,78.8,74,93.3,95.2,90.3,90.4,29.76,23.38,0,1,0,0,0,0,0,0,0,0,0,0,0,0,0,0,0,0,0,0,0,0,14,257,324
Iraq,435052,38275,88.1,164234,-2.4,4509,4.6,58,37.4,20.4,21,58.6,16.1,123,123,27341,45831,3.2,69.5,3,40.4,5,5.5,0.9,4.8,86.4,83.8,0.88,71.4,67,101.5066667,104.8466667,78.64666667,80.74666667,36.54666667,31.93333333,0,0,0,0,0,0,0,1,0,0,0,0,0,0,0,0,0,0,0,0,0,0,38,346,1539
Tunisia,163610,11532,74.2,41199,0.8,3660.9,10.3,27.8,62,11.7,29.4,58.9,14.6,108,108,13483,19456,1.2,66.8,1.4,24,12.3,7,1.6,6.3,97.4,79.8,1.14,77.1,73,112.5,115.8,94.2,90,43.3,26.2,0,0,1,0,0,0,0,0,0,0,0,0,0,0,0,0,0,0,0,0,0,0,16,455,967
Aruba,180,105,584.8,2702,0.1,26005.4,0.5,15.4,84.1,0.6,14,85.1,10.52666667,101.7333333,101.7333333,95,1117,0.5,41.5,-0.3,17.9,19.7,6.613333333,1.766666667,6.2,97.7,97.7,6.417333333,77.8,72.9,115.4,119.1,112.1,110.3,21.4,9.4,0,0,0,0,0,1,0,0,0,0,0,0,0,0,0,0,0,0,0,0,0,0,28,95,101
Mexico,1964375,129163,66.4,1140724,2.5,8980.9,3.6,36,60.4,13.4,25.2,61.3,4.1,120,120,373883,387064,1.4,79.2,1.6,26.7,10.1,6.3,2.1,5.3,88,74.5,0.03,78.9,74,103.2,103.6,93.5,87.7,30,29.9,0,0,0,0,0,0,0,0,0,0,0,1,0,0,0,0,0,0,0,0,0,0,53,1890,17799
British Virgin Islands,151,31,208,908,-1.1,30144.5,1,11.1,87.8,3.993333333,18.12,75.65333333,10.41333333,103,103,0,444,2,46.2,1.8,22.67333333,18.5,6.613333333,1.766666667,6.6,97.5,97.5,7.865333333,79.29333333,73.68666667,102.06,105.82,98.76666667,96.46,54.03333333,34.76666667,0,0,0,0,0,1,0,0,0,0,0,0,0,0,0,0,0,0,0,0,0,0,3,4,8
South Sudan,658841,12576,20.6,13167,2,1067,4.6,58,37.4,47.42,13.61333333,38.97333333,10.83333333,123.6666667,124.4,2389,750,3.3,18.8,5.1,41.7,5.1,2.7,1,1.8,16.4,4.5,21.07,56,54.1,53.1,74.9,6.6,12.3,21.52666667,21.58,0,0,0,0,0,0,0,0,0,0,0,0,0,0,0,0,1,0,0,0,0,0,2,34,563
Lao People's Democratic Republic,236800,6858,29.7,12585,7.6,1850.2,23.6,32.8,43.6,78.3,4,17.7,1.5,193,186,2066,4513,1.3,38.6,4.9,32.9,6.3,1.9,0.2,3.3,94.5,56,4.03,66.8,63.9,109.1,113.5,59.3,64.1,16.5,17.3,0,0,0,0,0,0,0,0,0,0,0,0,0,0,0,1,0,0,0,0,0,0,6,19,19
Cambodia,181035,16005,90.7,18050,7,1158.7,28.2,29.4,42.3,42.4,19.6,38,0.3,175,177,13204,15313,1.6,20.7,2.6,31.3,7.1,5.7,0.2,1.9,88.1,30.5,3.97,69.6,65.5,116.2,117.1,74.28,74.26,11.8,14.3,0,0,0,0,0,0,0,0,0,0,0,0,0,0,0,1,0,0,0,0,0,0,12,114,122
Estonia,45227,1310,30.9,22460,1.4,17112,3.4,27.4,69.2,3.8,29,67.3,7.2,136,136,13952,15759,-0.3,67.5,-0.4,16.4,25.9,6.4,3.3,5.5,97.5,96.6,5.052,81.2,71.8,98.5,98.3,114.7,115.6,84.8,55.4,0,0,0,0,0,0,0,0,0,0,0,0,0,0,0,0,0,1,0,0,0,0,13,679,1592
Iceland,103000,335,3.3,16780,4.2,50936,6.4,24,69.7,4,17.7,78.2,3.6,117,117,4450,5703,0.6,94.1,1.3,20.1,20.1,8.9,3.8,7.8,98.7,100,9.204,83.8,80.6,98.6,99.7,121,116.3,103.1,60.2,0,0,0,0,0,0,0,0,0,0,0,0,0,0,0,0,0,1,0,0,0,0,35,737,1771
New Caledonia,18575,276,15.1,8937,3.2,33965.7,1.4,26,72.6,3,26.9,70.1,15.1,102,103,1344,2422,1.4,70.2,2.2,22.5,14.2,5.773333333,1.946666667,4.993333333,100,100,1.996666667,79.3,73.7,102.28,106,98.44,95.5,41.52666667,26.96,0,0,0,0,0,0,0,0,0,0,0,0,0,0,0,0,0,0,0,0,0,1,9,18,18
Swaziland,17363,1367,79.5,4133,1.7,3211.7,6.6,42.1,51.3,22,17,61,25.1,114,115,1881,733,1.8,21.3,1.3,37.2,4.8,9.3,1.146666667,7,63.1,56,2.39,58.2,51.6,108,117.5,65.8,66.2,5.5,5.2,0,0,0,0,0,0,0,0,0,0,0,0,0,0,1,0,0,0,0,0,0,0,1,10,108
Paraguay,406752,6811,17.1,27714,3.1,4174.4,19,29.5,51.6,19.6,19.5,61,5.5,160,166,8494,9753,1.3,59.7,2.1,29.4,9.4,9.8,1.3,5,95.5,78.4,0.22,74.9,70.7,104.3,107.6,79.1,74.2,12.63333333,14.81333333,0,0,0,0,0,0,1,0,0,0,0,0,0,0,0,0,0,0,0,0,0,0,9,113,266
Bolivia (Plurinational State of),1098581,11052,10.2,32998,4.8,3076.8,12.6,31,56.5,29.5,21.1,49.4,3.8,142,143,6969,8374,1.6,68.5,2.3,31.6,9.5,6.3,0.5,7.3,60.8,27.5,2.38,70.2,65.3,95.7,98.5,85.7,87.1,18.24666667,18.44,0,0,0,0,0,0,1,0,0,0,0,0,0,0,0,0,0,0,0,0,0,0,11,157,1110
Bermuda,53,61,1227,5853,0.4,94399.9,0.7,5.3,94,1.6,10.3,87.6,6.7,115,115,8,971,-0.6,100,0.2,14.8,24.9,6.613333333,2.386666667,1.7,93.96,91.76666667,4.498666667,85.1,77.5,89.4,91.3,75.5,67.7,34.1,14.7,0,0,0,0,0,0,0,0,0,0,0,0,0,1,0,0,0,0,0,0,0,0,6,57,118
Cameroon,475650,24054,50.9,28416,5.8,1217.3,22.7,28.3,49.1,61.8,8.7,29.5,4.6,155,160,2130,4899,2.7,54.4,3.6,42.7,4.8,4.1,1.106666667,3,61.8,26.8,2.31,57.7,55.1,110.7,123.5,53.5,62.6,15.2,19.7,0,0,0,0,1,0,0,0,0,0,0,0,0,0,0,0,0,0,0,0,0,0,10,685,2077
Central African Republic,622984,4659,7.5,1633,4.8,333.2,34.9,24.8,40.4,72.2,4.3,23.4,6.9,114,113,213,147,0.4,40,2.6,43.2,5.5,4.2,1,1.2,43.6,7.2,32.25,51,47.8,79.8,107.3,11.8,23,1.5,4.1,0,0,0,0,1,0,0,0,0,0,0,0,0,0,0,0,0,0,0,0,0,0,1,10,72
China,9600000,1409517,150.1,11158457,6.9,8109.1,9.2,41.1,49.7,27,23.9,49.1,4.6,132,133,2118981,1588696,0.5,55.6,3,17.7,16.2,5.5,1.5,4.7,86.6,63.7,0,77.2,74.2,104.3,104,95.6,93.2,47.3,39.9,0,0,0,0,0,0,0,0,0,0,0,0,0,0,0,0,0,0,1,0,0,0,80667,81733,83817
Liechtenstein,160,38,237,6361,1.4,169491.8,0.7,40.1,59.2,2.506666667,17.38666667,76.26,2.6,102,102,1918.266667,3685.666667,0.8,14.3,0.5,14.9,22.7,6.2,2.886666667,2.6,93.62,89.9,4.661333333,81.94666667,76.15333333,104.8,106.5,101.7,130.7,21.9,44.8,0,0,0,0,0,0,0,0,0,1,0,0,0,0,0,0,0,0,0,0,0,0,7,77,83
Papua New Guinea,462840,8251,18.2,21315,6.6,2797.6,20.1,28.2,51.8,68.3,5.7,26,2.5,84,83,8760,8874,2.2,13,2.1,35.9,6.1,4.3,1.086666667,3.94,56.4,13.3,3.51,67.4,62.6,109.3,119.8,34.6,45.8,15.44,17.26,0,0,0,0,0,0,0,0,0,0,0,0,0,0,0,0,0,0,0,0,0,1,1,2,8
Greece,131957,11160,86.6,194860,-0.2,17788,4.1,15.7,80.2,12.9,15,72.1,23,86,87,27811,47595,-0.4,78,0.5,14.2,26.5,8.1,6.3,4.1,99.2,98.1,1.038666667,83.3,78,97.1,98.1,103.4,109.5,113.7,114,0,1,0,0,0,0,0,0,0,0,0,0,0,0,0,0,0,0,0,0,0,0,73,1061,2408
Hungary,93024,9722,107.4,121715,3.1,12350.6,4.1,31.9,64,4.3,29.8,65.9,4.5,99,99,103071,92044,-0.3,71.2,0.5,14.3,26,7.4,3.3,4.7,97.8,98.6,1.291333333,78.8,71.7,101.3,101.9,105.3,105.1,56.7,45.3,0,0,0,0,0,0,0,0,0,0,1,0,0,0,0,0,0,0,0,0,0,0,12,492,2443
Monaco,2,39,25969.8,6258,5.4,165870.6,1.04,13.4,86.6,2.52,18.24666667,75.26,9.16,101.7333333,102.3333333,1796.933333,3335.733333,0.6,100,0.8,22.64,18.67333333,4.3,6.6,1,100,90.14,3.598,82.2,76.52666667,103.2866667,105.8133333,102.0733333,101.9666667,58.23333333,38.8,0,0,0,0,0,0,0,0,0,1,0,0,0,0,0,0,0,0,0,0,0,0,9,54,66
Mali,1240192,18542,15.2,13100,7.6,744.3,39.9,19.6,40.5,56.7,14.7,28.6,8.1,154,157,3030,2510,2.9,39.9,5.1,47.7,4,7,0.986666667,3.7,37.5,16.1,9.45,56.9,55.6,72.1,79.3,36.8,45.6,4.1,9.6,0,0,0,0,0,0,0,0,0,0,0,0,1,0,0,0,0,0,0,0,0,0,18,216,758
Panama,75320,4099,55.1,52132,5.8,13268.1,2.8,27.1,70,14.5,19.6,65.9,6.2,117,118,636,11697,1.7,66.6,2.1,27.4,11.4,8,1.6,3.2,83.5,58,0.02,80.5,74.3,100.9,103.5,78.3,72.9,46.5,31.2,0,0,0,0,0,0,0,0,0,0,0,1,0,0,0,0,0,0,0,0,0,0,36,1475,6021
Cabo Verde,4033,546,135.6,1603,1.5,3080.2,9.5,19.8,70.7,27.2,11.5,61.3,10.5,98,98,29,485,1.2,65.5,2,30.2,6.9,4.8,0.3,5,81.6,54.3,9.81,74,70.1,106.9,112.8,98.3,87.7,25.2,18.1,0,0,0,0,0,0,0,0,0,0,0,0,1,0,0,0,0,0,0,0,0,0,3,10,230
Kenya,591958,49700,87.3,63399,5.6,1376.7,32,19,49,61.9,8.6,29.5,10.8,126,126,5688,14109,2.7,25.6,4.3,40.5,4.3,5.7,0.2,5.3,31.2,29.7,3.93,67.8,63,108.7,109.3,52.26666667,59.04666667,15.76666667,16.64,0,0,0,0,0,0,0,0,0,0,0,0,0,0,0,0,1,0,0,0,0,0,4,158,411
Congo,342000,5261,15.4,8493,1.2,1838.1,4.7,70,25.3,40.7,25.8,33.5,11.5,106,106,2540,9793,2.6,65.4,3.2,42.3,5.2,5.2,1.506666667,4.606666667,20,5.6,1.05,64.1,61,114.8,107,50.6,58.4,8.3,11.1,0,0,0,0,1,0,0,0,0,0,0,0,0,0,0,0,0,0,0,0,0,0,3,60,229
Equatorial Guinea,28052,1268,45.2,13812,-7.4,16344.1,1.2,73.1,25.7,18.8,18,63.2,7.7,117,118,7443,5456,4.2,39.9,3.1,37.2,4.4,3.8,1.72,5.206666667,79.9,71,0.15,58.4,55.5,78.2,80,75.49333333,74.38666667,33.12666667,25.58666667,0,0,0,0,1,0,0,0,0,0,0,0,0,0,0,0,0,0,0,0,0,0,3,16,315
Kuwait,17818,4136,232.1,114054,1.8,29303.9,0.6,48.7,50.7,2.6,27.3,70.1,2.2,199,199,46238,30825,5.4,98.3,3.6,21.1,4.9,3,1.9,4.346666667,100,100,1.411333333,75.5,73.5,103,102.4,102.7,88.2,33.1,20.4,0,0,0,0,0,0,0,1,0,0,0,0,0,0,0,0,0,0,0,0,0,0,58,195,1915
Western Sahara,266000,553,2.1,83410.33333,3.28,7184.573333,14.98,32.27333333,52.74666667,37.4,27.9,34.7,6.8,100,100,25458.26667,27233.26667,1.8,80.9,3.3,28.1,5.4,5.886666667,2.193333333,4.253333333,74.32,62.62,3.994666667,70.3,66.9,100.3333333,102.5266667,78.12666667,79.5,43.46,34.34,0,0,1,0,0,0,0,0,0,0,0,0,0,0,0,0,0,0,0,0,0,0,6,6,23
Venezuela (Bolivarian Republic of),912050,31977,36.3,344331,-6.2,11068.9,5.3,44.7,50,11.9,26.8,61.3,6.6,118,119,19731,16324,1.4,89,1.5,27.6,9.9,5.3,0.886666667,4.48,97.5,69.9,0.01,78.2,69.9,98.6,101.3,93,86.5,25.28,23.94,0,0,0,0,0,0,1,0,0,0,0,0,0,0,0,0,0,0,0,0,0,0,33,166,345
Guinea-Bissau,36125,1861,66.2,978,4.8,530,45,14.5,40.5,60.1,5.8,34.1,6.5,137,138,885,212,2.6,49.3,4.1,41.5,4.9,5.6,1.6,2.2,33.5,8.5,9.03,57.7,54.3,107.0933333,109.6266667,71.69333333,70.48666667,23.44,19.72666667,0,0,0,0,0,0,0,0,0,0,0,0,1,0,0,0,0,0,0,0,0,0,2,50,913
Haiti,27750,10981,398.4,8501,1.7,793.7,16.7,38.2,45.1,46.9,12.6,40.6,12.9,163,166,984,3316,1.4,58.6,3.8,33,7.3,7.6,1.206666667,4.986666667,33.6,19.2,11.73,64.4,60.2,105.4133333,107.6333333,71.69333333,70.48666667,26.64,21.03333333,0,0,0,0,0,1,0,0,0,0,0,0,0,0,0,0,0,0,0,0,0,0,5,33,129
Niger,1267000,21477,17,7143,3.6,359,39.6,19.1,41.3,62.3,14.4,23.3,2.7,148,148,927,1861,3.8,18.7,5.1,50.2,4.2,6,0.986666667,6.7,37.9,4.6,12.26,59.5,57.6,66.8,77.9,17.2,24.2,0.9,2.6,0,0,0,0,0,0,0,0,0,0,0,0,1,0,0,0,0,0,0,0,0,0,7,548,795
New Zealand,268107,4706,17.9,173417,3.1,38294.3,6.5,23,70.6,5.9,21.4,72.6,5.5,116,118,33833,36423,1.1,86.3,1,19.8,20.8,11,2.9,6.4,77.66666667,63.91333333,3.948666667,83.1,79.5,99.1,99.6,119.9,113.4,96.7,71.6,0,0,0,0,0,0,0,0,1,0,0,0,0,0,0,0,0,0,0,0,0,0,2,416,1112
Brazil,8515767,209288,25,1772591,-3.8,8528.3,5.2,22.7,72,15.2,21.5,63.2,12.4,135,136,185235,137552,0.9,85.7,1.2,21.7,12.6,8.3,1.9,6,88,51.5,0.06,78.4,71,113.8,116.8,102.2,97.2,59.3,42.4,0,0,0,0,0,0,1,0,0,0,0,0,0,0,0,0,0,0,0,0,0,0,8,2433,38654
French Polynesia,4000,283,77.3,5135,1.6,18161,2.8,11.9,85.2,8.9,16.9,74.2,17,98,98,173,1491,0.7,55.9,0.9,23.3,11.9,6.793333333,1.38,5.006666667,98.5,98.5,5.754,78.6,74,102.48,106.22,99.48,97.26666667,51.05333333,32.60666667,0,0,0,1,0,0,0,0,0,0,0,0,0,0,0,0,0,0,0,0,0,0,18,51,60
Pakistan,796095,197016,255.6,266458,5.5,1410.4,25.5,19,55.5,42.1,19.8,38.1,5.9,135,138,20534,46998,2.1,38.8,2.8,34.8,6.7,2.6,0.8,2.6,83.1,51.1,1.32,66.8,65,85.2,99.7,39.2,49.5,9.2,10.6,1,0,0,0,0,0,0,0,0,0,0,0,0,0,0,0,0,0,0,0,0,0,21,2291,14079
Nigeria,923768,190886,209.6,494583,2.7,2714.5,20.9,20.4,58.8,27.9,14.7,57.4,5.4,116,117,104084,36533,2.7,47.8,4.7,44,4.5,3.7,1.433333333,4.833333333,32.8,25.4,0.52,52.6,51.2,92.8,94.5,53.5,57.8,8.3,11.8,0,0,0,0,0,0,0,0,0,0,0,0,1,0,0,0,0,0,0,0,0,0,8,254,2388
Isle of Man,572,84,147.9,1026.733333,3.14,14346.52667,9.54,13.62,76.84,8.626666667,16.79333333,72.3,2.6,94.4,94.73333333,167.5333333,696.0666667,0.8,52.2,0.8,16,26.9,7.666666667,2.02,4.8,91,84.55333333,12.714,76.37333333,70.97333333,102.6733333,106.0466667,96.52,94.97333333,50.08666667,34.67333333,0,0,0,0,0,0,0,0,0,0,0,0,0,0,0,0,0,1,0,0,0,0,23,242,329
Germany,357376,82114,235.6,3363600,1.7,41686.2,0.6,30.5,68.9,1.4,27.5,71.2,4.2,111,111,1340752,1060672,0.2,75.3,0.2,13.1,28,11.3,4.1,5,99.3,99,0.471333333,82.9,77.9,104.7,105.2,99.6,105.6,66.8,69.7,0,0,0,0,0,0,0,0,0,1,0,0,0,0,0,0,0,0,0,0,0,0,400,36508,141672
Republic of Moldova,33846,4051,123.3,6475,-0.7,1591.4,13.4,20.8,65.8,28.8,30.9,40.3,5,109,109,2045,4020,-0.1,45,-0.7,15.7,17.6,10.3,2.5,7.5,87.8,67.1,4.49,75.2,66.7,91.9,92.9,86.5,85.8,47.4,35.3,0,0,0,0,0,0,0,0,0,0,1,0,0,0,0,0,0,0,0,0,0,0,20,591,3638
South Africa,1221037,56717,46.8,314571,1.3,5773,2.4,28.9,68.7,6.1,26.2,67.7,26,125,126,74111,74744,1.4,64.8,1.6,29,8.4,8.8,0.8,6,69.6,60.5,0.47,63,56.1,97.3,102.2,111.5,88,23.3,15.7,0,0,0,0,0,0,0,0,0,0,0,0,0,0,1,0,0,0,0,0,0,0,13,1353,4361
Malawi,118484,18622,197.5,6420,3,372.9,26.1,16.6,57.3,69.9,4.8,25.4,6.8,149,150,875,1649,2.9,16.3,3.8,44,4.3,11.4,2.313333333,5.6,47.3,39.8,16.53,63.1,58.2,147,144,41,45.8,0.6,1,0,0,0,0,0,0,0,0,0,0,0,0,0,0,0,0,1,0,0,0,0,0,5,34,72
Rwanda,26338,12208,494.9,8096,6.9,697.3,34.6,15.1,50.3,75,7.2,17.8,2.4,139,139,622,1778,2.5,28.8,6.4,40.1,4.9,7.5,1.26,3.6,58.5,62.9,13.67,67.1,63.1,133.4,131.7,38.2,35.2,6.9,9.1,0,0,0,0,0,0,0,0,0,0,0,0,0,0,0,0,1,0,0,0,0,0,11,105,255
Benin,114763,11176,99.1,8476,5.2,779.1,23.2,24.9,51.9,43.2,10.2,46.6,1,152,158,410,2630,2.8,44,3.7,42.7,5,4.6,0.1,4.4,35.6,7.3,5.09,61.4,58.5,123.7,134.2,46.8,66.7,8.4,22.4,0,0,0,0,0,0,0,0,0,0,0,0,1,0,0,0,0,0,0,0,0,0,2,30,96
Syrian Arab Republic,185180,18270,99.5,28393,-5.3,1534.5,20.7,30,49.3,18.5,39.2,42.3,13.8,65,68,1265,2383,-2.3,57.7,1.4,36.6,6.8,3.3,1.5,4.493333333,96.2,95.1,3.702,76.3,64.4,78.7,81.4,50.5,50.5,47,41.3,0,0,0,0,0,0,0,1,0,0,0,0,0,0,0,0,0,0,0,0,0,0,5,33,47
Poland,312679,38171,124.6,477066,3.9,12355.5,2.6,34.1,63.3,10.9,29.6,59.5,5.3,113,113,196455,188518,0,60.5,-0.1,14.8,24,6.4,2.3,4.9,97.5,96.7,1.044666667,81,72.9,100.7,100.5,106.1,110,82.6,54.2,0,0,0,0,0,0,0,0,0,0,1,0,0,0,0,0,0,0,0,0,0,0,22,2055,10892
Cayman Islands,264,62,256.5,3726,0.7,62132,0.3,7.5,92.2,0.8,15.5,83.6,6.3,104,104,18,991,1.5,100,1.5,18.3,6.7,6.446666667,1.84,4.386666667,95.6,91.12,4.027333333,81.40666667,75.84,102.4066667,105.98,98.82666667,96.33333333,47.27333333,29.74,0,0,0,0,0,1,0,0,0,0,0,0,0,0,0,0,0,0,0,0,0,0,3,53,78
Canada,9984670,36624,4,1552808,0.9,43205.6,1.8,28.6,69.6,2.1,19.5,78.4,7.1,109,109,388911,402954,1,81.8,1.2,16,23.5,10.4,2.5,5.3,100,99,2.022666667,83.8,79.7,101.1,100.1,110,109.8,51.12666667,42.19333333,0,0,0,0,0,0,0,0,0,0,0,0,0,1,0,0,0,0,0,0,0,0,45,3385,34777
Angola,1246700,29784,23.9,117955,3,4714.1,6.8,51.2,42,4.2,37.6,58.2,6.6,175,176,21011,8790,3.5,44.1,5,46.8,4,3.3,0.986666667,4.493333333,88.6,22.5,0.42,63,57.4,100.4,156.9,22.7,35.1,8.2,10.4,0,0,0,0,1,0,0,0,0,0,0,0,0,0,0,0,0,0,0,0,0,0,2,19,43
Romania,238391,19679,85.5,177956,3.7,9120.7,4.8,34.9,60.3,25.5,27.7,46.8,7.1,100,100,63581,74605,-0.6,54.6,0,15.3,24.9,5.6,2.7,3.1,92.2,63.3,3.216,78.4,71.4,89,90.5,92,92.5,59,47.8,0,0,0,0,0,0,0,0,0,0,1,0,0,0,0,0,0,0,0,0,0,0,17,1760,10096
Denmark,42921,5734,135.1,301308,1.6,53149.3,1.2,22.9,75.8,2.4,19.2,78.4,6,105,105,94355,85133,0.5,87.7,0.6,16.5,25.3,10.8,3.6,8.6,99.6,99.6,0.994666667,82.2,78.1,100.7,102.3,133.4,128.3,96.3,69.7,0,0,0,0,0,0,0,0,0,0,0,0,0,0,0,0,0,1,0,0,0,0,20,1724,7384
Zimbabwe,390757,16530,42.7,13893,1.1,890.4,13,30.5,56.5,67.5,7.3,25.2,5,99,98,2832,5212,2.3,32.4,2.3,41.2,4.2,6,0.1,8.4,49.3,30.8,6,59,56.1,99.1,100.8,47.1,48.1,8,8.9,0,0,0,0,0,0,0,0,0,0,0,0,0,0,0,0,1,0,0,0,0,0,2,17,35
Puerto Rico,8868,3663,413,102906,0,27939,0.8,50,49.1,2,17.5,80.5,12.8,110,111,11646.6,14115.33333,-0.2,93.6,-0.2,17.9,20.4,6.366666667,2.46,6.4,99.3,99.3,2.126666667,83.2,75.2,90.4,89.1,83.9,78.8,98.8,70.1,0,0,0,0,0,1,0,0,0,0,0,0,0,0,0,0,0,0,0,0,0,0,239,1252,2542
Qatar,11607,2639,227.3,164641,3.6,73653.4,0.2,56.4,43.5,1.2,54.1,44.7,0.3,154,154,57254,32058,6.6,99.2,6,13.9,2.8,2.2,2,3.6,98,98,1.411333333,79.4,76.8,103.6,102.4,103.6,82,43.9,6.3,0,0,0,0,0,0,0,1,0,0,0,0,0,0,0,0,0,0,0,0,0,0,24,693,8525
Finland,338440,5523,18.2,231960,0.2,42148.1,2.5,26.8,70.6,4.2,22,73.8,8.9,101,101,57326,60502,0.4,84.2,0.5,16.4,27.8,9.7,3,7.2,99.4,88,2.271333333,83.7,77.7,101.4,101.7,156.3,142.8,95.6,79.3,0,0,0,0,0,0,0,0,0,0,0,0,0,0,0,0,0,1,0,0,0,0,40,1218,4284
Malta,315,431,1346.4,9747,6.2,23280.7,1.4,15,83.6,1.2,20.9,77.9,5.4,96,96,4039,7182,0.5,95.4,0.5,14.4,26.1,9.7,3.9,7.8,100,100,5.185333333,82,78.6,104.7,102.2,98.1,91.7,55.2,40.3,0,1,0,0,0,0,0,0,0,0,0,0,0,0,0,0,0,0,0,0,0,0,5,156,446
Cyprus,9251,1180,127.7,19561,1.7,21941.9,2.3,10.6,87.2,4.1,16.7,79.2,10.3,80,80,1920,6604,0.9,66.9,0.9,16.8,18.5,7.4,2.5,6.1,100,100,2.991333333,82.2,77.7,99.3,99.3,99.4,100.1,69.4,51.1,0,0,0,0,0,0,0,1,0,0,0,0,0,0,0,0,0,0,0,0,0,0,40,465,857
United States Virgin Islands,347,105,299.7,1600.933333,2.773333333,28593.88667,5.44,14.91333333,79.63333333,10.9,24,65.2,9,109,109,169.7333333,716.0666667,-0.2,95.3,0.3,20.1,25.3,8.22,2.02,4.8,96.4,96.4,12.714,81.5,76.7,101.3933333,104.54,97.72666667,95.26,50.08666667,34.67333333,0,0,0,0,0,1,0,0,0,0,0,0,0,0,0,0,0,0,0,0,0,0,19,51,69
Andorra,468,77,163.8,2812,0.8,39896.4,0.5,10.8,88.6,3.533333333,17.63333333,76.59333333,11.26666667,105.5333333,106.2,100,1355,-1.6,85.1,0.1,14.4,19,8.1,3.7,3.3,100,100,7.870666667,80.77333333,75.23333333,101.82,105.32,99.74,97.43333333,54.03333333,34.76666667,0,1,0,0,0,0,0,0,0,0,0,0,0,0,0,0,0,0,0,0,0,0,75,564,748
Ireland,69797,4762,69.1,283716,26.3,60513.6,1,41.7,57.3,4.8,17.7,77.4,7.6,102,102,129315,76997,0.3,63.2,1.6,21.6,19.1,7.8,2.8,5.3,89.1,92.9,0.970666667,83,78.7,102,100.9,129.4,125.6,87.6,80.1,0,0,0,0,0,0,0,0,0,0,0,0,0,0,0,0,0,1,0,0,0,0,19,2121,16040
Latvia,64573,1950,31.3,27004,2.7,13704.1,3.2,23.3,73.5,7.3,23,69.7,9.6,130,130,11433,13596,-1.2,67.4,-0.7,15.4,26.2,5.9,3.2,5.3,90.8,81.5,3.857333333,78.7,68.8,99.2,100.1,119.1,119.9,79.2,55.5,0,0,0,0,0,0,0,0,0,0,0,0,0,0,0,0,0,1,0,0,0,0,10,398,804
Madagascar,587295,25571,44,9739,3.1,401.8,24.9,18.4,56.7,74.2,9.4,16.5,2.3,119,120,2256,2965,2.7,35.1,4.7,41,4.8,3,0.1,2.1,18,8.7,7.05,66,63,148.9,148.9,38.1,38.8,4.6,5,0,0,0,0,0,0,0,0,0,0,0,0,0,0,0,0,1,0,0,0,0,0,19,106,169
Malaysia,330323,31624,96.3,296284,5,9768.4,8.6,39.6,51.8,11.8,27.3,60.9,3.3,122,130,189414,168375,1.8,74.7,2.7,24.3,9.7,4.2,1.3,5,96.1,95.9,0,77.1,72.6,101.9,101.7,80.7,74.6,31.8,20.8,0,0,0,0,0,0,0,0,0,0,0,0,0,0,0,1,0,0,0,0,0,0,93,2161,5482
Azerbaijan,86600,9828,118.9,53049,0.7,5438.7,6.7,49.9,43.4,36.7,14.2,49.1,5.2,131,136,9143,8532,1.3,54.6,1.6,23.3,10.1,6,3.4,2.6,91.6,86.6,0.14,74.6,68.6,105.6,107.4,92.08666667,89.76,27.5,23.6,0,0,0,0,0,0,0,1,0,0,0,0,0,0,0,0,0,0,0,0,0,0,11,209,1548
Saint Kitts and Nevis,261,55,212.9,876,3.8,15771.9,1.2,28.1,70.7,8.446666667,17.80666667,71.5,11.66666667,39,39,51,332,1.1,32,1.3,23.74,17.56,5.1,1.553333333,2.8,90.90666667,90.75333333,3.93,79.48,73.27333333,83.4,81.7,92.8,88,107.2,52.6,0,0,0,0,0,1,0,0,0,0,0,0,0,0,0,0,0,0,0,0,0,0,7,14,15
Somalia,637657,14742,23.5,1559,2.7,144.5,60.2,7.4,32.5,72,4.8,23.2,6.6,112,112,925,530,2.9,39.6,4.1,46.4,4.4,5.006666667,0,4.106666667,52,6.3,22.85,56.5,53.3,97.34,107.4733333,51.2,58.09333333,15.76666667,16.64,0,0,0,0,0,0,0,0,0,0,0,0,0,0,0,0,1,0,0,0,0,0,1,12,756
Suriname,163820,563,3.6,4879,-2.7,8985.3,11.4,27.4,61.1,3.4,22.3,74.3,9.9,152,152,1437,1244,1,66,0.8,26.4,10.4,5.7,2.066666667,4.82,88.4,61.4,0.32,74.2,67.8,121.4,124.2,90.9,71.7,20.03333333,20.34666667,0,0,0,0,0,0,1,0,0,0,0,0,0,0,0,0,0,0,0,0,0,0,8,10,10
Austria,83871,8736,106,376967,1,44117.7,1.3,28.3,70.4,4.7,25.6,69.7,6.2,108,108,145503,149299,0.6,66,0.4,14.1,25.1,11.2,5.2,5.5,100,100,0.647333333,83.5,78.4,102.2,103.7,97.6,102.4,89.2,74.3,0,0,0,0,0,0,0,0,0,1,0,0,0,0,0,0,0,0,0,0,0,0,41,5888,14710
Botswana,582000,2292,4,14391,-0.3,6360.6,2.4,33.4,64.2,25.7,14.9,59.4,18.6,110,110,7321,6103,1.8,57.4,1.3,31.4,6.4,5.4,0.4,4.153333333,78.5,43.1,0.46,66.1,59.8,105.8,109.4,52.26666667,59.04666667,27.7,19.2,0,0,0,0,0,0,0,0,0,0,0,0,0,0,1,0,0,0,0,0,0,0,4,22,25
Ghana,238537,28834,126.7,37156,3.9,1355.6,19,26.9,54.1,41.9,14.2,43.8,5.9,144,144,7221,11939,2.4,54,3.4,38.5,5.3,3.6,1.686666667,6.2,20.2,8.6,4.81,62.6,60.7,108.7,107.3,61.1,63.1,13.2,19.1,0,0,0,0,0,0,0,0,0,0,0,0,1,0,0,0,0,0,0,0,0,0,7,287,2169
Afghanistan,652864,35530,54.4,20270,-2.4,623.2,23.3,23.3,53.3,61.6,10,28.5,8.6,125,125,1458,3568,3.2,26.7,4,43.2,4.1,8.2,0.3,3.3,45.1,27,21.43,63.5,61,91.1,131.6,39.7,70.7,3.7,13.3,1,0,0,0,0,0,0,0,0,0,0,0,0,0,0,0,0,0,0,0,0,0,22,367,2469
Japan,377930,127484,349.7,4383076,1.2,34628.7,1.2,26.4,72.4,3.7,26.5,69.8,3,96,97,644932,606924,-0.1,93.5,0.6,12.9,33.4,10.2,2.3,3.6,100,100,0.366666667,86.4,80,101.2,101.3,101.9,101.6,60.9,65.7,0,0,0,0,0,0,0,0,0,0,0,0,0,0,0,0,0,0,1,0,0,0,349,1268,10751
Burundi,27830,10864,423.1,2735,-4.1,244.6,36.3,13.9,49.8,91.1,2.6,6.3,1.7,109,122,123,625,3,12.1,5.7,45,4.4,7.5,1.106666667,5.4,43.8,48.6,11.91,58,54.2,124.5,123.1,40.5,44.5,2.4,7.7,0,0,0,0,0,0,0,0,0,0,0,0,0,0,0,0,1,0,0,0,0,0,3,12,42
Uzbekistan,448969,31911,75,69004,6.8,2308.3,19.2,32.9,47.9,29,23.9,47.1,8.9,158,174,27947,25652,1.6,36.4,1.4,28,7.6,5.8,2.5,4.5,100,100,0.66,73.5,68.1,103.2,105.6,95.1,96.8,7.1,11,0,0,0,0,0,0,0,0,0,0,0,0,0,0,0,0,0,0,0,0,1,0,23,555,2149
Honduras,112492,9265,82.8,20365,3.6,2521.9,13,25.1,61.9,29.4,21.6,49,5.6,122,119,3657,8448,1.8,54.7,3.1,31.6,7,8.7,2.693333333,5.9,86.7,77.7,2.86,75.4,70.4,110.1,111.3,77,64.8,25.4,18.8,0,0,0,0,0,0,0,0,0,0,0,1,0,0,0,0,0,0,0,0,0,0,24,343,1055
Oman,309500,4636,15,69832,5.7,15550.8,1.5,51.1,47.3,5,39.6,55.4,17.8,134,134,24455,23260,6.5,77.6,8.5,21.8,4,3.6,1.5,5,97.3,94.7,4.144666667,78.7,74.5,111.2,107.4,107.9,101,29.67333333,25.67333333,0,0,0,0,0,0,0,1,0,0,0,0,0,0,0,0,0,0,0,0,0,0,16,99,1266
Djibouti,23200,957,41.3,1737,6.5,1956.3,3.3,21.4,75.3,22.8,23.9,53.2,6.6,133,133,134,987,1.7,77.3,1.6,31.1,6.4,10.6,0.2,5.086666667,59.8,5.1,6.766,63.2,60,60.9,68.6,43.5,52.9,4,5.9,0,0,0,0,0,0,0,0,0,0,0,0,0,0,0,0,1,0,0,0,0,0,1,187,1120
Bangladesh,147570,164670,1265,194466,6.6,1207.9,15.5,28.1,56.3,40.6,19.1,40.3,4,141,140,36031,52624,1.2,34.3,3.6,28.4,7.3,2.8,0.4,1.9,57.7,62.1,1.24,72.9,69.8,125.1,116,67.4,59.8,11.4,15.4,1,0,0,0,0,0,0,0,0,0,0,0,0,0,0,0,0,0,0,0,0,0,17,330,10143
Israel,22072,8322,384.5,299413,2.5,37129.4,1.3,21.2,77.5,1,17.9,81,5.9,112,112,60571,65803,1.6,92.1,1.4,27.9,16.1,7.8,3.6,5.8,100,100,1.524,83.7,80,105.1,104.4,103,102,75.5,54.6,0,0,0,0,0,0,0,1,0,0,0,0,0,0,0,0,0,0,0,0,0,0,39,3619,14592
Lesotho,30355,2233,73.6,2008,2.8,940.6,7.7,31.3,61,39.7,20,40.3,27.5,101,100,648,1727,1.3,27.3,3,35.4,6.7,10.6,1.106666667,5.086666667,37.3,27.6,4.11,54.7,50.1,104,107,62,45.7,11.7,8,0,0,0,0,0,0,0,0,0,0,0,0,0,0,1,0,0,0,0,0,0,0,1,4,35
Sierra Leone,72300,7557,104.7,4483,-20.3,694.8,51.4,17.6,31.1,68,6.5,25.5,3.1,168,168,466,958,2.3,39.9,2.7,42.1,4.2,11.1,2.006666667,2.7,22.8,6.9,21.56,50.7,49.6,128.2,127,40.1,46.5,37.39333333,31.13333333,0,0,0,0,0,0,0,0,0,0,0,0,1,0,0,0,0,0,0,0,0,0,4,82,534
Belarus,207600,9468,46.7,54609,-3.9,5750.8,7.5,38.9,53.6,9.6,32,58.4,0.5,122,122,23414,27464,0,76.7,0,16.7,21.3,5.7,4.1,4.9,94.1,95.2,0.2,77.7,66.5,101.3,101.4,106.4,107.8,100.7,75.9,0,0,0,0,0,0,0,0,0,0,1,0,0,0,0,0,0,0,0,0,0,0,9,94,6723
Indonesia,1910931,263991,145.7,861934,4.8,3346.5,14,41.3,44.7,31.4,22.4,46.2,5.8,139,140,144490,135653,1.2,53.7,2.7,27.4,8.6,2.8,0.2,3.6,72.3,47.5,0,70.7,66.6,104.4,107.2,86,85.7,25.7,22.9,0,0,0,0,0,0,0,0,0,0,0,0,0,0,0,1,0,0,0,0,0,0,96,1986,9511
Guam,549,164,304.1,1260.666667,2.946666667,14323.69333,9.573333333,12.55333333,77.87333333,0.2,14,85.7,10.7,88,88,202.2666667,792.4,0.3,94.5,1.4,24.7,14,7.873333333,2.02,4.8,89.8,89.8,12.714,81.5,76.4,101.9666667,105.1533333,97.21333333,93.61333333,50.08666667,34.67333333,0,0,0,0,0,0,0,0,0,0,0,0,0,0,0,0,0,0,0,1,0,0,27,133,151
Belize,22966,375,16.4,1721,1.2,4789.4,14.6,18.5,66.9,16.1,15.9,67.9,11.5,97,97,246,952,2.2,44,1.9,31.4,6.2,5.8,1.146666667,6.4,93.5,88.2,1.68,72.7,67.2,110.4,115.8,81.8,79.8,28.7,17.9,0,0,0,0,0,0,0,0,0,0,0,1,0,0,0,0,0,0,0,0,0,0,2,18,18
Kazakhstan,2724902,18204,6.7,181754,1.2,10312.1,5,32.5,62.5,18.1,20.4,61.6,5.6,126,127,36775,25175,1.6,53.2,0.9,27.9,11.1,4.4,3.3,2.8,97,98.1,0.05,73.9,64.3,109.1,108.8,113.5,110.6,51.3,41.4,0,0,0,0,0,0,0,0,0,0,0,0,0,0,0,0,0,0,0,0,1,0,37,704,3877
Saint Vincent and the Grenadines,389,110,281.8,738,1.6,6739.2,7.5,17.2,75.3,22.1,16.1,61.8,19.1,115,115,47,335,0,50.6,0.7,23.8,11.7,8.6,1.32,4.993333333,87.13333333,83.69333333,1.8,74.9,70.7,103.2,105.8,105,107.9,43.1,29.07333333,0,0,0,0,0,1,0,0,0,0,0,0,0,0,0,0,0,0,0,0,0,0,1,12,17
Saint Lucia,539,179,293.2,1450,1.9,7839.4,2.7,12.9,84.4,14.8,17.6,67.6,19,69,69,120,654,0.5,18.5,0.9,18.9,13.7,6.7,1.32,4.9,84.7,91.9,0.97,77.6,72.2,105.5466667,108.96,84.8,85.5,22,11.6,0,0,0,0,0,1,0,0,0,0,0,0,0,0,0,0,0,0,0,0,0,0,2,14,17
United Republic of Tanzania,947303,57310,64.7,45628,7,877.3,31.1,26.1,42.9,66.9,6.4,26.7,2.7,176,180,4742,7876,3.1,31.6,5.4,44.9,4.7,5.6,0,3.5,31.3,8.3,5.85,64.8,60.8,82.9,80.5,30.8,33.7,2.5,4.9,0,0,0,0,0,0,0,0,0,0,0,0,0,0,0,0,1,0,0,0,0,0,3,25,480
Chile,756102,18055,24.3,240796,2.3,13416.2,3.9,32.8,63.3,9.6,22.9,67.5,6.8,111,111,59884,58804,0.9,89.5,1.1,20.3,16,7.8,0.7,4.9,100,90.9,0.02,81.3,76.2,100,103.3,101.3,100,94.4,83,0,0,0,0,0,0,1,0,0,0,0,0,0,0,0,0,0,0,0,0,0,0,10,1610,10832
Sri Lanka,65610,20877,332.9,82316,4.8,3973.7,8.7,30.7,60.6,27.4,25.9,46.6,5.2,120,122,10546,19501,0.5,18.4,0.8,24,14.9,3.5,3.1,2.2,88.1,96.7,0.53,78,71.2,100.6,102.7,102,97.5,24,15.6,1,0,0,0,0,0,0,0,0,0,0,0,0,0,0,0,0,0,0,0,0,0,19,159,649
Faroe Islands,1393,49,35.3,1610.866667,4.173333333,26819.32667,7.74,19.7,72.56666667,12.65333333,16.45333333,68.64666667,4,102,102,1192,976,0.2,42,0.5,21,22.5,7.026666667,1.773333333,4.566666667,83.38,78.6,10.06933333,84.5,78.3,103.4533333,107.5,94.74,93.40666667,46.94,32.64,0,0,0,0,0,0,0,0,0,0,0,0,0,0,0,0,0,1,0,0,0,0,3,159,187
Democratic Republic of the Congo,2344858,81340,35.9,37569,7,486.2,19.9,44.2,35.9,65.3,5.9,28.9,3.6,104,104,5103,5906,3.3,42.5,4,46.3,4.7,4.3,1.653333333,2.2,28.5,28.7,8.01,59.5,56.7,101.8,112,33.3,53.6,4.2,9.1,0,0,0,0,1,0,0,0,0,0,0,0,0,0,0,0,0,0,0,0,0,0,3,161,604
Brunei Darussalam,5765,429,81.3,12930,-0.6,30552.7,1.1,60.2,38.7,0.6,19.4,80.1,2.1,157,157,4875,2679,1.4,77.2,1.8,23,8,2.6,1.5,4.4,93.42,91.03333333,3.289333333,78.4,75.1,108.2,108.1,96.3,95.9,38.6,23.5,0,0,0,0,0,0,0,0,0,0,0,0,0,0,0,1,0,0,0,0,0,0,50,135,138
